id_state,state,id_municipality,municipality,id_parish,parish
710,Amazonas,7,Alto Orinoco,21,Alto Orinoco
710,Amazonas,7,Alto Orinoco,22,Huachamacare Acanaña
710,Amazonas,7,Alto Orinoco,23,Marawaka Toky Shamanaña
710,Amazonas,7,Alto Orinoco,24,Mavaka Mavaka
710,Amazonas,7,Alto Orinoco,25,Sierra Parima Primabé
710,Amazonas,1,Autónomo Atabapo,2,Caname
710,Amazonas,1,Autónomo Atabapo,3,Ucata Laja Lisa
710,Amazonas,1,Autónomo Atabapo,1,Yapacana
710,Amazonas,2,Autónomo Atures,4,Fernando Girón Tovar
710,Amazonas,2,Autónomo Atures,5,Luis Alberto Gómez
710,Amazonas,2,Autónomo Atures,6,Parhueña
710,Amazonas,2,Autónomo Atures,7,Platanillal
710,Amazonas,3,Autónomo Autana,11,Guayapo
710,Amazonas,3,Autónomo Autana,10,Munduapo
710,Amazonas,3,Autónomo Autana,8,Samariapo
710,Amazonas,3,Autónomo Autana,9,Sipapo
710,Amazonas,5,Autónomo Manapiare,14,Alto Ventuari
710,Amazonas,5,Autónomo Manapiare,16,Bajo Ventuari
710,Amazonas,5,Autónomo Manapiare,15,Medio Ventuari
710,Amazonas,4,Autónomo Maroa,13,Comunidad
710,Amazonas,4,Autónomo Maroa,12,Victorino
710,Amazonas,6,Autónomo Río Negro,19,Casiquiare
710,Amazonas,6,Autónomo Río Negro,20,Cocuy
710,Amazonas,6,Autónomo Río Negro,17,San Carlos De Río Negro
710,Amazonas,6,Autónomo Río Negro,18,Solano
711,Anzoátegui,8,Anaco,26,Anaco
711,Anzoátegui,8,Anaco,27,San Joaquín
711,Anzoátegui,9,Aragua,28,Aragua De Barcelona
711,Anzoátegui,9,Aragua,29,Cachipo
711,Anzoátegui,28,Diego Bautista Urbaneja,83,El Morro
711,Anzoátegui,28,Diego Bautista Urbaneja,82,Lecherías
711,Anzoátegui,10,Fernando De Peñalver,30,Puerto Píritu
711,Anzoátegui,10,Fernando De Peñalver,31,San Miguel
711,Anzoátegui,10,Fernando De Peñalver,32,Sucre
711,Anzoátegui,12,Francisco De Miranda,36,Atapirire
711,Anzoátegui,12,Francisco De Miranda,37,Boca Del Pao
711,Anzoátegui,12,Francisco De Miranda,38,El Pao
711,Anzoátegui,12,Francisco De Miranda,35,Pariaguán
711,Anzoátegui,11,Francisco Del Carmen Carvajal,34,Santa Bárbara
711,Anzoátegui,11,Francisco Del Carmen Carvajal,33,Valle De Guanape
711,Anzoátegui,13,Guanta,40,Chorrerón
711,Anzoátegui,13,Guanta,39,Guanta
711,Anzoátegui,14,Independencia,42,Mamo
711,Anzoátegui,14,Independencia,41,Soledad
711,Anzoátegui,17,José Gregorio Monagas,47,Mapire
711,Anzoátegui,17,José Gregorio Monagas,48,Piar
711,Anzoátegui,17,José Gregorio Monagas,49,San Diego De Cabrutica
711,Anzoátegui,17,José Gregorio Monagas,50,Santa Clara
711,Anzoátegui,17,José Gregorio Monagas,51,Uverito
711,Anzoátegui,17,José Gregorio Monagas,52,Zuata
711,Anzoátegui,15,Juan Antonio Sotillo,44,Pozuelos
711,Anzoátegui,15,Juan Antonio Sotillo,43,Puerto La Cruz
711,Anzoátegui,16,Juan Manuel Cajigal,45,Onoto
711,Anzoátegui,16,Juan Manuel Cajigal,46,San Pablo
711,Anzoátegui,18,Libertad,54,El Carito
711,Anzoátegui,18,Libertad,56,La Romereña
711,Anzoátegui,18,Libertad,53,San Mateo
711,Anzoátegui,18,Libertad,55,Santa Inés
711,Anzoátegui,19,Manuel Ezequiel Bruzual,57,Clarines
711,Anzoátegui,19,Manuel Ezequiel Bruzual,58,Guanape
711,Anzoátegui,19,Manuel Ezequiel Bruzual,59,Sabana De Uchire
711,Anzoátegui,20,Pedro María Freites,60,Cantaura
711,Anzoátegui,20,Pedro María Freites,61,Libertador
711,Anzoátegui,20,Pedro María Freites,62,Santa Rosa
711,Anzoátegui,20,Pedro María Freites,63,Urica
711,Anzoátegui,21,Píritu,64,Píritu
711,Anzoátegui,21,Píritu,65,San Francisco
711,Anzoátegui,22,San José De Guanipa,66,San José De Guanipa (EL Tigrito)
711,Anzoátegui,23,San Juan De Capistrano,68,Boca De Chávez
711,Anzoátegui,23,San Juan De Capistrano,67,Boca De Uchire
711,Anzoátegui,24,Santa Ana,70,Pueblo Nuevo
711,Anzoátegui,24,Santa Ana,69,Santa Ana
711,Anzoátegui,25,Simón Bolívar,73,Bergatín
711,Anzoátegui,25,Simón Bolívar,74,Caigua
711,Anzoátegui,25,Simón Bolívar,71,El Carmen
711,Anzoátegui,25,Simón Bolívar,75,El Pilar
711,Anzoátegui,25,Simón Bolívar,76,Naricual
711,Anzoátegui,25,Simón Bolívar,72,San Cristóbal
711,Anzoátegui,26,Simón Rodríguez,77,Edmundo Barrios
711,Anzoátegui,26,Simón Rodríguez,78,Miguel Otero Silva
711,Anzoátegui,27,Sir Arthur Mc Gregor,81,Calatrava
711,Anzoátegui,27,Sir Arthur Mc Gregor,79,El Chaparro
711,Anzoátegui,27,Sir Arthur Mc Gregor,80,Tomás Alfaro
712,Apure,29,Achaguas,84,Achaguas
712,Apure,29,Achaguas,85,Apurito
712,Apure,29,Achaguas,86,El Yagual
712,Apure,29,Achaguas,87,Guachara
712,Apure,29,Achaguas,88,Mucuritas
712,Apure,29,Achaguas,89,Queseras Del Medio
712,Apure,30,Biruaca,90,Biruaca
712,Apure,31,Muñoz,91,Bruzual
712,Apure,31,Muñoz,92,Mantecal
712,Apure,31,Muñoz,93,Quintero
712,Apure,31,Muñoz,94,Rincon Hondo
712,Apure,31,Muñoz,95,San Vicente
712,Apure,32,Páez,97,Aramendi
712,Apure,32,Páez,98,El Amparo
712,Apure,32,Páez,96,Guasdualito
712,Apure,32,Páez,99,San Camilo
712,Apure,32,Páez,100,Urdaneta
712,Apure,33,Pedro Camejo,102,Codazzi
712,Apure,33,Pedro Camejo,103,Cunaviche
712,Apure,33,Pedro Camejo,101,San Juan De Payara
712,Apure,34,Rómulo Gallegos,105,Elorza
712,Apure,34,Rómulo Gallegos,104,Elorza
712,Apure,35,San Fernando,107,El Recreo
712,Apure,35,San Fernando,108,Peñalver
712,Apure,35,San Fernando,106,San Fernando
712,Apure,35,San Fernando,109,San Rafael De Atamaica
713,Aragua,36,Bolívar,110,Bolívar
713,Aragua,37,Camatagua,111,Camatagua
713,Aragua,37,Camatagua,112,Carmen De Cura
713,Aragua,52,Francisco Linares Alcántara,157,Francisco De Miranda
713,Aragua,52,Francisco Linares Alcántara,158,Monseñor Feliciano Gonz
713,Aragua,52,Francisco Linares Alcántara,156,Santa Rita
713,Aragua,38,Girardot,119,Andres Eloy Blanco
713,Aragua,38,Girardot,113,Choroni
713,Aragua,38,Girardot,116,Joaquin Crespo
713,Aragua,38,Girardot,118,Jose Casanova Godoy
713,Aragua,38,Girardot,114,Las Delicias
713,Aragua,38,Girardot,120,Los Tacariguas
713,Aragua,38,Girardot,115,Madre Maria De San Jose
713,Aragua,38,Girardot,117,Pedro Jose Ovalles
713,Aragua,39,José Angel Lamas,121,Santa Cruz
713,Aragua,40,José Félix Ribas,123,Castor Nieves Rios
713,Aragua,40,José Félix Ribas,122,José Félix Ribas
713,Aragua,40,José Félix Ribas,124,Las Guacamayas
713,Aragua,40,José Félix Ribas,125,Pao De Zarate
713,Aragua,40,José Félix Ribas,126,Zuata
713,Aragua,41,José Rafael Revenga,127,José Rafael Revenga
713,Aragua,42,Libertador,128,Palo Negro
713,Aragua,42,Libertador,129,San Martín De Porres
713,Aragua,43,Mario Briceño Iragorry,131,Caña De Azucar
713,Aragua,43,Mario Briceño Iragorry,130,El Limon
713,Aragua,53,Ocumare De La Costa De Oro,159,Ocumare De La Costa
713,Aragua,44,San Casimiro,133,Guiripa
713,Aragua,44,San Casimiro,134,Ollas De Caramacate
713,Aragua,44,San Casimiro,132,San Casimiro
713,Aragua,44,San Casimiro,135,Valle Morin
713,Aragua,45,San Sebastián,136,San Sebastian
713,Aragua,46,Santiago Mariño,141,Alfredo Pacheco Miranda
713,Aragua,46,Santiago Mariño,138,Arevalo Aponte
713,Aragua,46,Santiago Mariño,139,Chuao
713,Aragua,46,Santiago Mariño,140,Saman De Guere
713,Aragua,46,Santiago Mariño,137,Turmero
713,Aragua,47,Santos Michelena,142,Santos Michelena
713,Aragua,47,Santos Michelena,143,Tiara
713,Aragua,48,Sucre,145,Bella Vista
713,Aragua,48,Sucre,144,Cagua
713,Aragua,49,Tovar,146,Tovar
713,Aragua,50,Urdaneta,148,Las Peñitas
713,Aragua,50,Urdaneta,149,San Francisco De Cara
713,Aragua,50,Urdaneta,150,Taguay
713,Aragua,50,Urdaneta,147,Urdaneta
713,Aragua,51,Zamora,154,Augusto Mijares
713,Aragua,51,Zamora,152,Magdaleno
713,Aragua,51,Zamora,153,San Francisco De Asis
713,Aragua,51,Zamora,155,Valles De Tucutunemo
713,Aragua,51,Zamora,151,Villa De Cura
714,Barinas,54,Alberto Arvelo Torrealba,161,Rodriguez Dominguez
714,Barinas,54,Alberto Arvelo Torrealba,160,Sabaneta
714,Barinas,65,Andrés Eloy Blanco,210,El Canton
714,Barinas,65,Andrés Eloy Blanco,212,Puerto Vivas
714,Barinas,65,Andrés Eloy Blanco,211,Santa Cruz De Guacas
714,Barinas,55,Antonio José De Sucre,163,Andres Bello
714,Barinas,55,Antonio José De Sucre,164,Nicolas Pulido
714,Barinas,55,Antonio José De Sucre,162,Ticoporo
714,Barinas,56,Arismendi,165,Arismendi
714,Barinas,56,Arismendi,166,Guadarrama
714,Barinas,56,Arismendi,167,La Union
714,Barinas,56,Arismendi,168,San Antonio
714,Barinas,57,Barinas,170,Alfredo Arvelo Larriva
714,Barinas,57,Barinas,179,Alto Barinas
714,Barinas,57,Barinas,169,Barinas
714,Barinas,57,Barinas,177,Corazon De Jesus
714,Barinas,57,Barinas,182,Dominga Ortiz De Paez
714,Barinas,57,Barinas,175,El Carmen
714,Barinas,57,Barinas,181,Juan Antonio Rodriguez Dominguez
714,Barinas,57,Barinas,180,Manuel Palacio Fajardo
714,Barinas,57,Barinas,178,Ramon Ignacio Mendez
714,Barinas,57,Barinas,176,Romulo Betancourt
714,Barinas,57,Barinas,171,San Silvestre
714,Barinas,57,Barinas,172,Santa Ines
714,Barinas,57,Barinas,173,Santa Lucia
714,Barinas,57,Barinas,174,Torunos
714,Barinas,58,Bolívar,184,Altamira de Cáceres
714,Barinas,58,Bolívar,183,Barinitas
714,Barinas,58,Bolívar,185,Calderas
714,Barinas,59,Cruz Paredes,186,Barrancas
714,Barinas,59,Cruz Paredes,187,El Socorro
714,Barinas,59,Cruz Paredes,188,Masparrito
714,Barinas,60,Ezequiel Zamora,190,Jose Ignacio Del Pumar
714,Barinas,60,Ezequiel Zamora,191,Pedro Briceño Mendez
714,Barinas,60,Ezequiel Zamora,192,Ramon Ignacio Mendez
714,Barinas,60,Ezequiel Zamora,189,Santa Barbara
714,Barinas,61,Obispos,194,El Real
714,Barinas,61,Obispos,195,La Luz
714,Barinas,61,Obispos,196,Los Guasimitos
714,Barinas,61,Obispos,193,Obispos
714,Barinas,62,Pedraza,197,Ciudad Bolivia
714,Barinas,62,Pedraza,198,Ignacio Briceño
714,Barinas,62,Pedraza,199,Jose Felix Ribas
714,Barinas,62,Pedraza,200,Paez
714,Barinas,63,Rojas,202,Dolores
714,Barinas,63,Rojas,201,Libertad
714,Barinas,63,Rojas,203,Palacios Fajardo
714,Barinas,63,Rojas,204,Simón Rodriguez
714,Barinas,64,Sosa,205,Ciudad De Nutrias
714,Barinas,64,Sosa,206,El Regalo
714,Barinas,64,Sosa,207,Puerto De Nutrias
714,Barinas,64,Sosa,208,Santa Catalina
714,Barinas,64,Sosa,209,Simón Bolivar
715,Bolívar,72,Angostura,245,Barceloneta
715,Bolívar,72,Angostura,244,Raul Leoni
715,Bolívar,72,Angostura,246,San Francisco
715,Bolívar,72,Angostura,247,Santa Barbara
715,Bolívar,70,Angostura del Orinoco,233,Agua Salada
715,Bolívar,70,Angostura del Orinoco,234,Catedral
715,Bolívar,70,Angostura del Orinoco,235,Jose Antonio Paez
715,Bolívar,70,Angostura del Orinoco,236,La Sabanita
715,Bolívar,70,Angostura del Orinoco,237,Marhuanta
715,Bolívar,70,Angostura del Orinoco,239,Orinoco
715,Bolívar,70,Angostura del Orinoco,240,Panapana
715,Bolívar,70,Angostura del Orinoco,238,Vista Hermosa
715,Bolívar,70,Angostura del Orinoco,241,Zea
715,Bolívar,66,Caroní,223,5 de Julio
715,Bolívar,66,Caroní,213,Cachamay
715,Bolívar,66,Caroní,214,Chirica
715,Bolívar,66,Caroní,215,Dalla Costa
715,Bolívar,66,Caroní,216,Once De Abril
715,Bolívar,66,Caroní,221,Pozo Verde
715,Bolívar,66,Caroní,217,Simon Bolivar
715,Bolívar,66,Caroní,218,Unare
715,Bolívar,66,Caroní,219,Universidad
715,Bolívar,66,Caroní,220,Vista Al Sol
715,Bolívar,66,Caroní,222,Yocoima
715,Bolívar,67,Cedeño,225,Altagracia
715,Bolívar,67,Cedeño,226,Ascension Farreras
715,Bolívar,67,Cedeño,224,Cedeño
715,Bolívar,67,Cedeño,227,Guaniamo
715,Bolívar,67,Cedeño,228,La Urbana
715,Bolívar,67,Cedeño,229,Pijiguaos
715,Bolívar,68,El Callao,230,El Callao
715,Bolívar,69,Gran Sabana,232,Ikabaru
715,Bolívar,69,Gran Sabana,231,Santa Elena De Uairen
715,Bolívar,76,Padre Pedro Chien,258,Padre Pedro Chien
715,Bolívar,76,Padre Pedro Chien,259,Río Grande
715,Bolívar,71,Piar,242,Andrés Eloy Blanco
715,Bolívar,71,Piar,243,Pedro Cova
715,Bolívar,73,Roscio,248,Roscio
715,Bolívar,73,Roscio,249,Salom
715,Bolívar,74,Sifontes,251,Dalla Costa
715,Bolívar,74,Sifontes,252,San Isidro
715,Bolívar,74,Sifontes,250,Sifontes
715,Bolívar,75,Sucre,254,Aripao
715,Bolívar,75,Sucre,255,Guarataro
715,Bolívar,75,Sucre,256,Las Majadas
715,Bolívar,75,Sucre,257,Moitaco
715,Bolívar,75,Sucre,253,Sucre
716,Carabobo,77,Bejuma,260,Bejuma
716,Carabobo,77,Bejuma,261,Canoabo
716,Carabobo,77,Bejuma,262,Simon Bolivar
716,Carabobo,78,Carlos Arvelo,264,Carabobo
716,Carabobo,78,Carlos Arvelo,263,Guigue
716,Carabobo,78,Carlos Arvelo,265,Tacarigua
716,Carabobo,79,Diego Ibarra,267,Aguas Calientes
716,Carabobo,79,Diego Ibarra,266,Mariara
716,Carabobo,80,Guacara,269,Ciudad Alianza
716,Carabobo,80,Guacara,268,Guacara
716,Carabobo,80,Guacara,270,Yagua
716,Carabobo,81,Juan José Mora,271,Moron
716,Carabobo,81,Juan José Mora,272,Urama
716,Carabobo,82,Libertador,274,Independencia
716,Carabobo,82,Libertador,273,Tocuyito
716,Carabobo,83,Los Guayos,275,Los Guayos
716,Carabobo,84,Miranda,276,Miranda
716,Carabobo,85,Montalbán,277,Montalban
716,Carabobo,86,Naguanagua,278,Naguanagua
716,Carabobo,87,Puerto Cabello,279,Bartolome Salom
716,Carabobo,87,Puerto Cabello,285,Borburata
716,Carabobo,87,Puerto Cabello,280,Democracia
716,Carabobo,87,Puerto Cabello,281,Fraternidad
716,Carabobo,87,Puerto Cabello,282,Goaigoaza
716,Carabobo,87,Puerto Cabello,283,Juan Jose Flores
716,Carabobo,87,Puerto Cabello,286,Patanemo
716,Carabobo,87,Puerto Cabello,284,Union
716,Carabobo,88,San Diego,287,San Diego
716,Carabobo,89,San Joaquín,288,San Joaquin
716,Carabobo,90,Valencia,289,Candelaria
716,Carabobo,90,Valencia,290,Catedral
716,Carabobo,90,Valencia,291,El Socorro
716,Carabobo,90,Valencia,292,Miguel Peña
716,Carabobo,90,Valencia,297,Negro Primero
716,Carabobo,90,Valencia,293,Rafael Urdaneta
716,Carabobo,90,Valencia,294,San Blas
716,Carabobo,90,Valencia,295,San Jose
716,Carabobo,90,Valencia,296,Santa Rosa
717,Cojedes,91,Anzoátegui,298,Cojedes
717,Cojedes,91,Anzoátegui,299,Juan De Mata Suarez
717,Cojedes,97,Ezequiel Zamora,309,Juan Angel Bravo
717,Cojedes,97,Ezequiel Zamora,310,Manuel Manrique
717,Cojedes,97,Ezequiel Zamora,308,San Carlos De Austria
717,Cojedes,92,Girardot,300,El Baul
717,Cojedes,92,Girardot,301,Sucre
717,Cojedes,93,Lima Blanco,303,La Aguadita
717,Cojedes,93,Lima Blanco,302,Macapo
717,Cojedes,94,Pao De San Juan Bautista,304,El Pao
717,Cojedes,95,Ricaurte,306,El Amparo
717,Cojedes,95,Ricaurte,305,Libertad De Cojedes
717,Cojedes,96,Rómulo Gallegos,307,Romulo Gallegos
717,Cojedes,98,Tinaco,311,General En Jefe Jose Laurencio Silva
717,Cojedes,99,Tinaquillo,312,Tinaquillo
718,Delta Amacuro,100,Antonio Díaz,314,Almirante Luis Brion Manoa
718,Delta Amacuro,100,Antonio Díaz,313,Curiapo
718,Delta Amacuro,100,Antonio Díaz,315,Francisco Aniceto Lugo Boca de Cuyubini
718,Delta Amacuro,100,Antonio Díaz,316,Manuel Renaud
718,Delta Amacuro,100,Antonio Díaz,317,Padre Barral San Francisco de Guayo
718,Delta Amacuro,100,Antonio Díaz,318,Santos De Abelgas Araguaimujo
718,Delta Amacuro,101,Casacoima,320,Cinco de Julio Piacoa
718,Delta Amacuro,101,Casacoima,321,Juan Bautista Arismendi
718,Delta Amacuro,101,Casacoima,322,Juan Bautista Arismendi
718,Delta Amacuro,101,Casacoima,319,Moruca
718,Delta Amacuro,101,Casacoima,323,Romulo Gallegos
718,Delta Amacuro,102,Pedernales,324,Capure
718,Delta Amacuro,102,Pedernales,325,Luis Beltran Prieto Figueroa
718,Delta Amacuro,103,Tucupita,327,Jose Vidal Marcano
718,Delta Amacuro,103,Tucupita,328,Juan Millan
718,Delta Amacuro,103,Tucupita,329,Leonardo Ruiz Pineda
718,Delta Amacuro,103,Tucupita,330,Mariscal Antonio Jose De Sucre
718,Delta Amacuro,103,Tucupita,331,Monseñor Argimiro Garcia
718,Delta Amacuro,103,Tucupita,326,San Jose
718,Delta Amacuro,103,Tucupita,332,San Rafael
718,Delta Amacuro,103,Tucupita,333,Virgen Del Valle
719,Distrito Capital,104,Libertador,355,23 de Enero
719,Distrito Capital,104,Libertador,334,Altagracia
719,Distrito Capital,104,Libertador,335,Antimano
719,Distrito Capital,104,Libertador,336,Caricuao
719,Distrito Capital,104,Libertador,337,Catedral
719,Distrito Capital,104,Libertador,338,Coche
719,Distrito Capital,104,Libertador,339,El Junquito
719,Distrito Capital,104,Libertador,340,El Paraiso
719,Distrito Capital,104,Libertador,341,El Recreo
719,Distrito Capital,104,Libertador,342,El Valle
719,Distrito Capital,104,Libertador,343,La Candelaria
719,Distrito Capital,104,Libertador,344,La Pastora
719,Distrito Capital,104,Libertador,345,La Vega
719,Distrito Capital,104,Libertador,346,Macarao
719,Distrito Capital,104,Libertador,347,San Agustín
719,Distrito Capital,104,Libertador,348,San Bernardino
719,Distrito Capital,104,Libertador,349,San José
719,Distrito Capital,104,Libertador,350,San Juan
719,Distrito Capital,104,Libertador,351,San Pedro
719,Distrito Capital,104,Libertador,352,Santa Rosalía
719,Distrito Capital,104,Libertador,353,Santa Teresa
719,Distrito Capital,104,Libertador,354,Sucre
720,Falcón,105,Acosta,357,Capadare
720,Falcón,105,Acosta,358,La Pastora
720,Falcón,105,Acosta,359,Libertador
720,Falcón,105,Acosta,356,San Juan De Los Cayos
720,Falcón,106,Bolívar,361,Aracua
720,Falcón,106,Bolívar,362,La Peña
720,Falcón,106,Bolívar,360,San Luis
720,Falcón,107,Buchivacoa,364,Bariro
720,Falcón,107,Buchivacoa,365,Borojo
720,Falcón,107,Buchivacoa,363,Capatarida
720,Falcón,107,Buchivacoa,366,Guajiro
720,Falcón,107,Buchivacoa,367,Seque
720,Falcón,107,Buchivacoa,369,Valle de Eroa
720,Falcón,107,Buchivacoa,368,Zazarida
720,Falcón,108,Cacique Manaure,370,Cacique Manaure
720,Falcón,109,Carirubana,371,Carirubana
720,Falcón,109,Carirubana,372,Norte
720,Falcón,109,Carirubana,373,Punta Cardon
720,Falcón,109,Carirubana,374,Santa Ana
720,Falcón,110,Colina,376,Acurigua
720,Falcón,110,Colina,377,Guaibacoa
720,Falcón,110,Colina,375,La Vela De Coro
720,Falcón,110,Colina,378,Las Calderas
720,Falcón,110,Colina,379,Macoruca
720,Falcón,111,Dabajuro,380,Dabajuro
720,Falcón,112,Democracia,382,Agua Clara
720,Falcón,112,Democracia,383,Avaria
720,Falcón,112,Democracia,381,Pedregal
720,Falcón,112,Democracia,384,Piedra Grande
720,Falcón,112,Democracia,385,Purureche
720,Falcón,113,Falcón,392,Adaure
720,Falcón,113,Falcón,387,Adicora
720,Falcón,113,Falcón,388,Baraived
720,Falcón,113,Falcón,389,Buena Vista
720,Falcón,113,Falcón,393,El Hato
720,Falcón,113,Falcón,394,El Vinculo
720,Falcón,113,Falcón,390,Jadacaquiva
720,Falcón,113,Falcón,391,Moruy
720,Falcón,113,Falcón,386,Pueblo Nuevo
720,Falcón,114,Federación,396,Agua Larga
720,Falcón,114,Federación,395,Churuguara
720,Falcón,114,Federación,398,Independencia
720,Falcón,114,Federación,399,Maparari
720,Falcón,114,Federación,397,Pauji
720,Falcón,115,Jacura,401,Agua Linda
720,Falcón,115,Jacura,402,Araurima
720,Falcón,115,Jacura,400,Jacura
720,Falcón,123,José Laurencio Silva,425,Boca de Aroa
720,Falcón,123,José Laurencio Silva,424,Tucacas
720,Falcón,116,Los Taques,404,Judibana
720,Falcón,116,Los Taques,403,Los Taques
720,Falcón,117,Mauroa,406,Casigua
720,Falcón,117,Mauroa,405,Mene De Mauroa
720,Falcón,117,Mauroa,407,San Felix
720,Falcón,118,Miranda,411,Guzman Guillermo
720,Falcón,118,Miranda,412,Mitare
720,Falcón,118,Miranda,413,Rio Seco
720,Falcón,118,Miranda,414,Sabaneta
720,Falcón,118,Miranda,408,San Antonio
720,Falcón,118,Miranda,409,San Gabriel
720,Falcón,118,Miranda,410,Santa Ana
720,Falcón,119,Monseñor Iturriza,416,Boca De Tocuyo
720,Falcón,119,Monseñor Iturriza,415,Chichiriviche
720,Falcón,119,Monseñor Iturriza,417,Tocuyo De La Costa
720,Falcón,120,Palmasola,418,Palmasola
720,Falcón,121,Petit,419,Cabure
720,Falcón,121,Petit,420,Colina
720,Falcón,121,Petit,421,Curimagua
720,Falcón,122,Píritu,422,Piritu
720,Falcón,122,Píritu,423,San Jose De La Costa
720,Falcón,124,San Francisco,426,San Francisco
720,Falcón,125,Sucre,428,Pecaya
720,Falcón,125,Sucre,427,Sucre
720,Falcón,126,Tocópero,429,Tocópero
720,Falcón,127,Unión,431,El Charal
720,Falcón,127,Unión,432,Las Vegas Del Tuy
720,Falcón,127,Unión,430,Santa Cruz De Bucaral
720,Falcón,128,Urumaco,434,Bruzual
720,Falcón,128,Urumaco,433,Urumaco
720,Falcón,129,Zamora,436,La Cienaga
720,Falcón,129,Zamora,437,La Soledad
720,Falcón,129,Zamora,438,Pueblo Cumarebo
720,Falcón,129,Zamora,435,Puerto Cumarebo
720,Falcón,129,Zamora,439,Zazarida
721,Guárico,130,Camaguán,440,Camaguan
721,Guárico,130,Camaguán,441,Puerto Miranda
721,Guárico,130,Camaguán,442,Uverito
721,Guárico,131,Chaguaramas,443,Chaguaramas
721,Guárico,132,El Socorro,444,El Socorro
721,Guárico,137,Francisco De Miranda,454,Capital Urbana Calabozo
721,Guárico,137,Francisco De Miranda,455,El Calvario
721,Guárico,137,Francisco De Miranda,456,El Rastro
721,Guárico,137,Francisco De Miranda,457,Guardatinajas
721,Guárico,140,José Félix Ribas,470,San Rafael De Laya
721,Guárico,140,José Félix Ribas,469,Tucupido
721,Guárico,138,José Tadeo Monagas,458,Altagracia De Orituco
721,Guárico,138,José Tadeo Monagas,464,Carlos Soublette
721,Guárico,138,José Tadeo Monagas,460,Libertad De Orituco
721,Guárico,138,José Tadeo Monagas,461,Paso Real De Macaira
721,Guárico,138,José Tadeo Monagas,462,San Francisco De Macaira
721,Guárico,138,José Tadeo Monagas,459,San Francisco Javier de Lezama
721,Guárico,138,José Tadeo Monagas,463,San Rafael De Orituco
721,Guárico,141,Juan Germán Roscio Nieves,472,Cantagallo
721,Guárico,141,Juan Germán Roscio Nieves,473,Parapara
721,Guárico,141,Juan Germán Roscio Nieves,471,San Juan De Los Morros
721,Guárico,136,Julián Mellado,452,El Sombrero
721,Guárico,136,Julián Mellado,453,Sosa
721,Guárico,135,Juan José Rondón,450,Cabruta
721,Guárico,135,Juan José Rondón,449,Las Mercedes
721,Guárico,135,Juan José Rondón,451,Santa Rita De Manapire
721,Guárico,134,Leonardo Infante,448,Espino
721,Guárico,134,Leonardo Infante,447,Valle De La Pascua
721,Guárico,139,Ortiz,465,Ortiz
721,Guárico,139,Ortiz,466,San Francisco De Tiznados
721,Guárico,139,Ortiz,467,San Jose De Tiznados
721,Guárico,139,Ortiz,468,San Lorenzo De Tiznados
721,Guárico,144,Pedro Zaraza,479,San Jose De Unare
721,Guárico,144,Pedro Zaraza,478,Zaraza
721,Guárico,133,San Gerónimo De Guayabal,446,Cazorla
721,Guárico,133,San Gerónimo De Guayabal,445,Guayabal
721,Guárico,142,San José De Guaribe,474,San Jose De Guaribe
721,Guárico,142,San José De Guaribe,475,Uveral
721,Guárico,143,Santa María De Ipire,477,Altamira
721,Guárico,143,Santa María De Ipire,476,Santa Maria De Ipire
722,Lara,145,Andrés Eloy Blanco,480,Pio Tamayo
722,Lara,145,Andrés Eloy Blanco,481,Quebrada Honda De Guache
722,Lara,145,Andrés Eloy Blanco,482,Yacambu
722,Lara,146,Crespo,483,Freitez
722,Lara,146,Crespo,484,Jose Maria Blanco
722,Lara,147,Iribarren,492,Aguedo Felipe Alvarado
722,Lara,147,Iribarren,493,Buena Vista
722,Lara,147,Iribarren,485,Catedral
722,Lara,147,Iribarren,486,Concepcion
722,Lara,147,Iribarren,487,El Cuji
722,Lara,147,Iribarren,488,Juan De Villegas
722,Lara,147,Iribarren,494,Juarez
722,Lara,147,Iribarren,489,Santa Rosa
722,Lara,147,Iribarren,490,Tamaca
722,Lara,147,Iribarren,491,Union
722,Lara,148,Jiménez,502,Coronel Mariano Peraza
722,Lara,148,Jiménez,496,Cuara
722,Lara,148,Jiménez,497,Diego De Lozada
722,Lara,148,Jiménez,501,Jose Bernardo Dorante
722,Lara,148,Jiménez,495,Juan Bautista Rodriguez
722,Lara,148,Jiménez,498,Paraiso De San Jose
722,Lara,148,Jiménez,499,San Miguel
722,Lara,148,Jiménez,500,Tintorero
722,Lara,149,Morán,504,Anzoategui
722,Lara,149,Morán,503,Bolivar
722,Lara,149,Morán,505,Guarico
722,Lara,149,Morán,506,Hilario Luna Y Luna
722,Lara,149,Morán,507,Humocaro Alto
722,Lara,149,Morán,508,Humocaro Bajo
722,Lara,149,Morán,509,La Candelaria
722,Lara,149,Morán,510,Moran
722,Lara,150,Palavecino,513,Agua Viva
722,Lara,150,Palavecino,511,Cabudare
722,Lara,150,Palavecino,512,Jose Gregorio Bastidas
722,Lara,151,Simón Planas,515,Buria
722,Lara,151,Simón Planas,516,Gustavo Vegas León
722,Lara,151,Simón Planas,514,Sarare
722,Lara,152,Torres,533,Altagracia
722,Lara,152,Torres,518,Antonio Diaz
722,Lara,152,Torres,519,Camacaro
722,Lara,152,Torres,520,Castañeda
722,Lara,152,Torres,521,Cecilio Zubillaga
722,Lara,152,Torres,522,Chiquinquira
722,Lara,152,Torres,523,El Blanco
722,Lara,152,Torres,524,Espinoza De Los Monteros
722,Lara,152,Torres,531,Heriberto Arroyo
722,Lara,152,Torres,525,Lara
722,Lara,152,Torres,526,Las Mercedes
722,Lara,152,Torres,527,Manuel Morillo
722,Lara,152,Torres,528,Montaña Verde
722,Lara,152,Torres,529,Montes De Oca
722,Lara,152,Torres,532,Reyes de Vargas
722,Lara,152,Torres,530,Torres
722,Lara,152,Torres,517,Trinidad Samuel
722,Lara,153,Urdaneta,535,Moroturo
722,Lara,153,Urdaneta,536,San Miguel
722,Lara,153,Urdaneta,534,Siquisique
722,Lara,153,Urdaneta,537,Xaguas
723,Mérida,154,Alberto Adriani,541,Gabriel Picon Gonzalez
723,Mérida,154,Alberto Adriani,542,Hector Amable Mora
723,Mérida,154,Alberto Adriani,543,Jose Nucete Sardi
723,Mérida,154,Alberto Adriani,538,Presidente Betancourt
723,Mérida,154,Alberto Adriani,539,Presidente Páez
723,Mérida,154,Alberto Adriani,540,Presidente Rómulo Gallegos
723,Mérida,154,Alberto Adriani,544,Pulido Mendez
723,Mérida,155,Andrés Bello,545,La Azulita
723,Mérida,156,Antonio Pinto Salinas,547,Mesa Bolivar
723,Mérida,156,Antonio Pinto Salinas,548,Mesa De Las Palmas
723,Mérida,156,Antonio Pinto Salinas,546,Santa Cruz De Mora
723,Mérida,157,Aricagua,549,Aricagua
723,Mérida,157,Aricagua,550,San Antonio
723,Mérida,158,Arzobispo Chacón,551,Canagua
723,Mérida,158,Arzobispo Chacón,552,Capuri
723,Mérida,158,Arzobispo Chacón,553,Chacantá
723,Mérida,158,Arzobispo Chacón,554,El Molino
723,Mérida,158,Arzobispo Chacón,555,Guaimaral
723,Mérida,158,Arzobispo Chacón,556,Mucuchachi
723,Mérida,159,Campo Elías,560,Acequias
723,Mérida,159,Campo Elías,557,Fernandez Peña
723,Mérida,159,Campo Elías,561,Jaji
723,Mérida,159,Campo Elías,562,La Mesa
723,Mérida,159,Campo Elías,558,Matriz
723,Mérida,159,Campo Elías,559,Montalban
723,Mérida,159,Campo Elías,563,San Jose Del Sur
723,Mérida,160,Caracciolo Parra Olmedo,565,Florencio Ramirez
723,Mérida,160,Caracciolo Parra Olmedo,564,Tucani
723,Mérida,161,Cardenal Quintero,567,Las Piedras
723,Mérida,161,Cardenal Quintero,566,Santo Domingo
723,Mérida,162,Guaraque,568,Guaraque
723,Mérida,162,Guaraque,569,Mesa De Quintero
723,Mérida,162,Guaraque,570,Rio Negro
723,Mérida,163,Julio César Salas,571,Arapuey
723,Mérida,163,Julio César Salas,572,Palmira
723,Mérida,164,Justo Briceño,574,San Cristobal De Torondoy
723,Mérida,164,Justo Briceño,573,Torondoy
723,Mérida,165,Libertador,575,Antonio Spinetti Dini
723,Mérida,165,Libertador,576,Arias
723,Mérida,165,Libertador,577,Caracciolo Parra Perez
723,Mérida,165,Libertador,578,Domingo Peña
723,Mérida,165,Libertador,579,El Llano
723,Mérida,165,Libertador,588,El Morro
723,Mérida,165,Libertador,580,Gonzalo Picon Febres
723,Mérida,165,Libertador,581,Jacinto Plaza
723,Mérida,165,Libertador,582,Juan Rodriguez Suarez
723,Mérida,165,Libertador,583,Lasso De La Vega
723,Mérida,165,Libertador,589,Los Nevados
723,Mérida,165,Libertador,584,Mariano Picon Salas
723,Mérida,165,Libertador,585,Milla
723,Mérida,165,Libertador,586,Osuna Rodriguez
723,Mérida,165,Libertador,587,Sagrario
723,Mérida,166,Miranda,591,Andres Eloy Blanco
723,Mérida,166,Miranda,592,La Venta
723,Mérida,166,Miranda,593,Piñango
723,Mérida,166,Miranda,590,Timotes
723,Mérida,167,Obispo Ramos De Lora,595,Eloy Paredes
723,Mérida,167,Obispo Ramos De Lora,596,San Rafael De Alcazar
723,Mérida,167,Obispo Ramos De Lora,594,Santa Elena De Arenales
723,Mérida,168,Padre Noguera,597,Santa Maria De Caparo
723,Mérida,169,Pueblo Llano,598,Pueblo Llano
723,Mérida,170,Rangel,600,Cacute
723,Mérida,170,Rangel,601,La Toma
723,Mérida,170,Rangel,599,Mucuruba
723,Mérida,170,Rangel,602,San Rafael
723,Mérida,171,Rivas Dávila,603,Bailadores
723,Mérida,171,Rivas Dávila,604,Geronimo Maldonado
723,Mérida,172,Santos Marquina,605,Tabay
723,Mérida,173,Sucre,607,Chiguara
723,Mérida,173,Sucre,608,Estanquez
723,Mérida,173,Sucre,609,La Trampa
723,Mérida,173,Sucre,606,Lagunillas
723,Mérida,173,Sucre,610,Pueblo Nuevo Del Sur
723,Mérida,173,Sucre,611,San Juan
723,Mérida,174,Tovar,613,El Amparo
723,Mérida,174,Tovar,614,El Llano
723,Mérida,174,Tovar,615,San Francisco
723,Mérida,174,Tovar,612,Tovar
723,Mérida,175,Tulio Febres Cordero,617,Independencia
723,Mérida,175,Tulio Febres Cordero,618,Maria De La Concepcion Palacios B
723,Mérida,175,Tulio Febres Cordero,616,Nueva Bolivia
723,Mérida,175,Tulio Febres Cordero,619,Santa Apolonia
723,Mérida,176,Zea,621,Caño El Tigre
723,Mérida,176,Zea,620,Zea
724,Miranda,177,Acevedo,623,Araguita
724,Miranda,177,Acevedo,624,Arevalo Gonzalez
724,Miranda,177,Acevedo,625,Capaya
724,Miranda,177,Acevedo,622,Caucagua
724,Miranda,177,Acevedo,626,El Cafe
724,Miranda,177,Acevedo,627,Marizapa
724,Miranda,177,Acevedo,628,Panaquire
724,Miranda,177,Acevedo,629,Ribas
724,Miranda,178,Andrés Bello,631,Cumbo
724,Miranda,178,Andrés Bello,630,San Jose De Barlovento
724,Miranda,179,Baruta,633,El Cafetal
724,Miranda,179,Baruta,634,Las Minas De Baruta
724,Miranda,179,Baruta,632,Nuestra Señora Del Rosario De Barut
724,Miranda,180,Brión,636,Curiepe
724,Miranda,180,Brión,635,Higuerote
724,Miranda,180,Brión,637,Tacarigua
724,Miranda,181,Buroz,638,Mamporal
724,Miranda,182,Carrizal,639,Carrizal
724,Miranda,183,Chacao,640,Chacao
724,Miranda,184,Cristóbal Rojas,641,Charallave
724,Miranda,184,Cristóbal Rojas,642,Las Brisas
724,Miranda,185,El Hatillo,643,El Hatillo
724,Miranda,186,Guaicaipuro,645,Altagracia De La Montaña
724,Miranda,186,Guaicaipuro,646,Cecilio Acosta
724,Miranda,186,Guaicaipuro,647,El Jarillo
724,Miranda,186,Guaicaipuro,644,Los Teques
724,Miranda,186,Guaicaipuro,648,Paracotos
724,Miranda,186,Guaicaipuro,649,San Pedro
724,Miranda,186,Guaicaipuro,650,Tácata
724,Miranda,187,Independencia,652,El Cartanal
724,Miranda,187,Independencia,651,Santa Teresa Del Tuy
724,Miranda,189,Los Salias,656,San Antonio De Los Altos
724,Miranda,190,Páez,658,El Guapo
724,Miranda,190,Páez,660,Paparo
724,Miranda,190,Páez,657,Rio Chico
724,Miranda,190,Páez,661,San Fernando Del Guapo
724,Miranda,190,Páez,659,Tacarigua De La Laguna
724,Miranda,191,Paz Castillo,662,Santa Lucia del Tuy
724,Miranda,192,Pedro Gual,663,Cúpira
724,Miranda,192,Pedro Gual,664,Machurucuto
724,Miranda,193,Plaza,665,Guarenas
724,Miranda,194,Simón Bolívar,667,San Antonio De Yare
724,Miranda,194,Simón Bolívar,666,San Francisco De Yare
724,Miranda,195,Sucre,669,Caucaguita
724,Miranda,195,Sucre,670,Filas De Mariches
724,Miranda,195,Sucre,671,La Dolorita
724,Miranda,195,Sucre,672,Leoncio Martinez
724,Miranda,195,Sucre,668,Petare
724,Miranda,188,Tomas Lander,654,La Democracia
724,Miranda,188,Tomas Lander,653,Ocumare Del Tuy
724,Miranda,188,Tomas Lander,655,Santa Barbara
724,Miranda,196,Urdaneta,673,Cúa
724,Miranda,196,Urdaneta,674,Nueva Cúa
724,Miranda,197,Zamora,676,Bolivar
724,Miranda,197,Zamora,675,Guatire
725,Monagas,198,Acosta,677,San Antonio
725,Monagas,198,Acosta,678,San Francisco
725,Monagas,199,Aguasay,679,Aguasay
725,Monagas,200,Bolívar,680,Caripito
725,Monagas,201,Caripe,681,Caripe
725,Monagas,201,Caripe,682,El Guacharo
725,Monagas,201,Caripe,683,La Guanota
725,Monagas,201,Caripe,684,Sabana De Piedra
725,Monagas,201,Caripe,685,San Agustin
725,Monagas,201,Caripe,686,Teresen
725,Monagas,202,Cedeño,688,Areo
725,Monagas,202,Cedeño,687,Capital Cedeño
725,Monagas,202,Cedeño,689,San Felix
725,Monagas,202,Cedeño,690,Viento Fresco
725,Monagas,203,Ezequiel Zamora,692,El Tejero
725,Monagas,203,Ezequiel Zamora,691,Punta De Mata
725,Monagas,204,Libertador,694,Chaguaramas
725,Monagas,204,Libertador,695,Las Alhuacas
725,Monagas,204,Libertador,696,Tabasca
725,Monagas,204,Libertador,693,Temblador
725,Monagas,205,Maturín,698,Alto De Los Godos
725,Monagas,205,Maturín,699,Boqueron
725,Monagas,205,Maturín,702,El Corozo
725,Monagas,205,Maturín,703,El Furrial
725,Monagas,205,Maturín,704,Jusepin
725,Monagas,205,Maturín,697,La Cruz
725,Monagas,205,Maturín,705,La Pica
725,Monagas,205,Maturín,700,Las Cocuizas
725,Monagas,205,Maturín,701,San Simon
725,Monagas,205,Maturín,706,San Vicente
725,Monagas,206,Piar,708,Aparicio
725,Monagas,206,Piar,707,Aragua
725,Monagas,206,Piar,709,Chaguaramal
725,Monagas,206,Piar,710,El Pinto
725,Monagas,206,Piar,711,Guanaguana
725,Monagas,206,Piar,712,La Toscana
725,Monagas,206,Piar,713,Taguaya
725,Monagas,207,Punceres,715,Cachipo
725,Monagas,207,Punceres,714,Quiriquire
725,Monagas,208,Santa Bárbara,716,Santa Barbara
725,Monagas,209,Sotillo,717,Barrancas
725,Monagas,209,Sotillo,718,Los Barrancos De Fajardo
725,Monagas,210,Uracoa,719,Uracoa
726,Nueva Esparta,211,Antolín Del Campo,720,Antolín Del Campo
726,Nueva Esparta,212,Arismendi,721,La Asuncion
726,Nueva Esparta,213,Díaz,722,San Juan Bautista
726,Nueva Esparta,213,Díaz,723,Zabala
726,Nueva Esparta,214,García,725,Francisco Fajardo
726,Nueva Esparta,214,García,724,García
726,Nueva Esparta,215,Gómez,727,Bolivar
726,Nueva Esparta,215,Gómez,728,Guevara
726,Nueva Esparta,215,Gómez,729,Matasiete
726,Nueva Esparta,215,Gómez,726,Santa Ana
726,Nueva Esparta,215,Gómez,730,Sucre
726,Nueva Esparta,216,Maneiro,732,Aguirre
726,Nueva Esparta,216,Maneiro,731,Maneiro
726,Nueva Esparta,217,Marcano,734,Adrian
726,Nueva Esparta,217,Marcano,733,Juangriego
726,Nueva Esparta,217,Marcano,735,Yaguaraparo
726,Nueva Esparta,219,Península De Macanao,737,Boca Del Rio
726,Nueva Esparta,219,Península De Macanao,738,San Francisco
726,Nueva Esparta,218,Santiago Mariño,736,Porlamar
726,Nueva Esparta,220,Tubores,740,Los Barales
726,Nueva Esparta,220,Tubores,739,Tubores
726,Nueva Esparta,221,Villalba,742,Vicente Fuentes
726,Nueva Esparta,221,Villalba,741,Villalba
727,Portuguesa,222,Agua Blanca,743,Agua Blanca
727,Portuguesa,223,Araure,744,Araure
727,Portuguesa,223,Araure,745,Rio Acarigua
727,Portuguesa,224,Esteller,746,Piritu
727,Portuguesa,224,Esteller,747,Uveral
727,Portuguesa,225,Guanare,749,Cordoba
727,Portuguesa,225,Guanare,748,Guanare
727,Portuguesa,225,Guanare,750,San Jose De La Montaña
727,Portuguesa,225,Guanare,751,San Juan De Guanaguanare
727,Portuguesa,225,Guanare,752,Virgen De La Coromoto
727,Portuguesa,226,Guanarito,755,Divina Pastora
727,Portuguesa,226,Guanarito,753,Guanarito
727,Portuguesa,226,Guanarito,754,Trinidad De La Capilla
727,Portuguesa,227,Monseñor José Vicente De Unda,756,Peña Blanca
727,Portuguesa,228,Ospino,758,Aparición
727,Portuguesa,228,Ospino,759,La Estacion
727,Portuguesa,228,Ospino,757,Ospino
727,Portuguesa,229,Páez,760,Acarigua
727,Portuguesa,229,Páez,761,Payara
727,Portuguesa,229,Páez,762,Pimpinela
727,Portuguesa,229,Páez,763,Ramon Peraza
727,Portuguesa,230,Papelón,765,Caño Delgadito
727,Portuguesa,230,Papelón,764,Papelon
727,Portuguesa,231,San Genaro De Boconoito,767,Antolin Tovar Anquino
727,Portuguesa,231,San Genaro De Boconoito,766,Boconoito
727,Portuguesa,232,Santa Rosalía,771,El Playon
727,Portuguesa,232,Santa Rosalía,772,Florida
727,Portuguesa,232,Santa Rosalía,768,San Rafael De Onoto
727,Portuguesa,232,Santa Rosalía,769,Santa Fe
727,Portuguesa,232,Santa Rosalía,770,Thermo Morales
727,Portuguesa,233,Sucre,773,Biscucuy
727,Portuguesa,233,Sucre,774,Concepcion
727,Portuguesa,233,Sucre,777,San Jose De Saguaz
727,Portuguesa,233,Sucre,775,San Rafael De Palo Alzado
727,Portuguesa,233,Sucre,776,Uvencio Antonio Velasquez
727,Portuguesa,233,Sucre,778,Villa Rosa
727,Portuguesa,234,Turín,779,Canelones
727,Portuguesa,234,Turín,781,San Isidro Labrador
727,Portuguesa,234,Turín,780,Santa Cruz
728,Sucre,235,Andrés Eloy Blanco,782,Mariño
728,Sucre,235,Andrés Eloy Blanco,783,Romulo Gallegos
728,Sucre,236,Andrés Mata,784,San Jose De Aerocuar
728,Sucre,236,Andrés Mata,785,Tavera Acosta
728,Sucre,237,Arismendi,787,Antonio Jose De Sucre
728,Sucre,237,Arismendi,788,El Morro De Puerto Santo
728,Sucre,237,Arismendi,789,Puerto Santo
728,Sucre,237,Arismendi,786,Rio Caribe
728,Sucre,237,Arismendi,790,San Juan De Las Galdonas
728,Sucre,238,Benítez,791,El Pilar
728,Sucre,238,Benítez,792,El Rincon
728,Sucre,238,Benítez,793,General Francisco Antonio Vasquez
728,Sucre,238,Benítez,794,Guaraunos
728,Sucre,238,Benítez,795,Tunapuicito
728,Sucre,238,Benítez,796,Union
728,Sucre,239,Bermúdez,797,Bolivar
728,Sucre,239,Bermúdez,798,Macarapana
728,Sucre,239,Bermúdez,799,Santa Catalina
728,Sucre,239,Bermúdez,800,Santa Rosa
728,Sucre,239,Bermúdez,801,Santa Teresa
728,Sucre,241,Cajigal,803,El Paujil
728,Sucre,241,Cajigal,804,Libertad
728,Sucre,241,Cajigal,802,Yaguaraparo
728,Sucre,242,Cruz Salmerón Acosta,806,Chacopata
728,Sucre,242,Cruz Salmerón Acosta,805,Cruz Salmeron Acosta
728,Sucre,242,Cruz Salmerón Acosta,807,Manicuare
728,Sucre,243,Libertador,809,Campo Elias
728,Sucre,243,Libertador,808,Tunapuy
728,Sucre,244,Mariño,811,Campo Claro
728,Sucre,244,Mariño,810,Irapa
728,Sucre,244,Mariño,812,Marabal
728,Sucre,244,Mariño,813,San Antonio De Irapa
728,Sucre,244,Mariño,814,Soro
728,Sucre,245,Mejía,815,Mejía
728,Sucre,246,Montes,817,Arenas
728,Sucre,246,Montes,818,Aricagua
728,Sucre,246,Montes,819,Cocollar
728,Sucre,246,Montes,816,Cumanacoa
728,Sucre,246,Montes,820,San Fernando
728,Sucre,246,Montes,821,San Lorenzo
728,Sucre,247,Ribero,823,Catuaro
728,Sucre,247,Ribero,824,Rendon
728,Sucre,247,Ribero,825,Santa Cruz
728,Sucre,247,Ribero,826,Santa Maria
728,Sucre,247,Ribero,822,Villa Frontado
728,Sucre,248,Sucre,827,Altagracia
728,Sucre,248,Sucre,828,Ayacucho
728,Sucre,248,Sucre,833,Gran Mariscal
728,Sucre,248,Sucre,832,Raúl Leoni
728,Sucre,248,Sucre,831,San Juan
728,Sucre,248,Sucre,829,Santa Inés
728,Sucre,248,Sucre,830,Valentin Valiente
728,Sucre,249,Valdez,835,Bideau
728,Sucre,249,Valdez,836,Cristobal Colón
728,Sucre,249,Valdez,834,Guiria
728,Sucre,249,Valdez,837,Punta De Piedras
729,Táchira,250,Andrés Bello,838,Andrés Bello
729,Táchira,251,Antonio Rómulo Costa,839,Antonio Rómulo Costa
729,Táchira,252,Ayacucho,840,Ayacucho
729,Táchira,252,Ayacucho,841,Rivas Berti
729,Táchira,252,Ayacucho,842,San Pedro Del Rio
729,Táchira,253,Bolívar,843,Bolívar
729,Táchira,253,Bolívar,846,Isaias Medina Angarita
729,Táchira,253,Bolívar,845,Juan Vicente Gómez
729,Táchira,253,Bolívar,844,Palotal
729,Táchira,254,Cárdenas,848,Amenodoro Rangel Lamus
729,Táchira,254,Cárdenas,847,Cárdenas
729,Táchira,254,Cárdenas,849,La Florida
729,Táchira,255,Córdoba,850,Córdoba
729,Táchira,256,Fernández Feo,852,Alberto Adriani
729,Táchira,256,Fernández Feo,851,Fernández Feo
729,Táchira,256,Fernández Feo,853,Santo Domingo
729,Táchira,257,Francisco De Miranda,854,Francisco De Miranda
729,Táchira,258,García De Hevia,856,Boca De Grita
729,Táchira,258,García De Hevia,855,García De Hevia
729,Táchira,258,García De Hevia,857,Jose Antonio Paez
729,Táchira,259,Guásimos,858,Guásimos
729,Táchira,260,Independencia,859,Independencia
729,Táchira,260,Independencia,860,Juan German Roscio
729,Táchira,260,Independencia,861,Roman Cardenas
729,Táchira,261,Jáuregui,863,Jáuregui
729,Táchira,261,Jáuregui,862,La Grita
729,Táchira,261,Jáuregui,864,Monseñor Miguel Antonio Salas
729,Táchira,262,José María Vargas,865,José María Vargas
729,Táchira,263,Junín,869,Bramon
729,Táchira,263,Junín,867,La Petrolea
729,Táchira,263,Junín,868,Quinimari
729,Táchira,263,Junín,866,Rubio
729,Táchira,264,Libertad,871,Cipriano Castro
729,Táchira,264,Libertad,870,Libertad
729,Táchira,264,Libertad,872,Manuel Felipe Rugeles
729,Táchira,265,Libertador,873,Capital Libertador
729,Táchira,265,Libertador,875,Doradas
729,Táchira,265,Libertador,874,Emeterio Ochoa
729,Táchira,265,Libertador,876,San Joaquin De Navay
729,Táchira,266,Lobatera,878,Constitucion
729,Táchira,266,Lobatera,877,Lobatera
729,Táchira,267,Michelena,879,Michelena
729,Táchira,268,Panamericano,880,Coloncito
729,Táchira,268,Panamericano,881,La Palmita
729,Táchira,269,Pedro María Ureña,883,Nueva Arcadia
729,Táchira,269,Pedro María Ureña,882,Pedro María Ureña
729,Táchira,270,Rafael Urdaneta,884,Delicias
729,Táchira,270,Rafael Urdaneta,885,Pecaya
729,Táchira,271,Samuel Darío Maldonado,887,Boconó
729,Táchira,271,Samuel Darío Maldonado,888,Hernandez
729,Táchira,271,Samuel Darío Maldonado,886,Samuel Darío Maldonado
729,Táchira,272,San Cristóbal,893,Dr. Francisco Romero Lobo
729,Táchira,272,San Cristóbal,889,La Concordia
729,Táchira,272,San Cristóbal,890,Pedro Maria Morantes
729,Táchira,272,San Cristóbal,891,San Juan Bautista
729,Táchira,272,San Cristóbal,892,San Sebastian
729,Táchira,278,San Judas Tadeo,904,San Judas Tadeo
729,Táchira,273,Seboruco,894,Seboruco
729,Táchira,274,Simón Rodríguez,895,Simón Rodríguez
729,Táchira,275,Sucre,897,Eleazar Lopez Contreras
729,Táchira,275,Sucre,898,San Pablo
729,Táchira,275,Sucre,896,Sucre
729,Táchira,276,Torbes,899,Torbes
729,Táchira,277,Uribante,901,Cardenas
729,Táchira,277,Uribante,902,Juan Pablo Peñaloza
729,Táchira,277,Uribante,903,Potosi
729,Táchira,277,Uribante,900,Uribante
730,Trujillo,279,Andrés Bello,906,Araguaney
730,Trujillo,279,Andrés Bello,907,El Jaguito
730,Trujillo,279,Andrés Bello,908,La Esperanza
730,Trujillo,279,Andrés Bello,905,Santa Isabel
730,Trujillo,280,Boconó,912,Ayacucho
730,Trujillo,280,Boconó,909,Bocono
730,Trujillo,280,Boconó,913,Burbusay
730,Trujillo,280,Boconó,910,El Carmen
730,Trujillo,280,Boconó,914,General Ribas
730,Trujillo,280,Boconó,915,Guaramacal
730,Trujillo,280,Boconó,917,Monseñor Jauregui
730,Trujillo,280,Boconó,911,Mosquey
730,Trujillo,280,Boconó,918,Rafael Rangel
730,Trujillo,280,Boconó,920,San Jose
730,Trujillo,280,Boconó,919,San Miguel
730,Trujillo,280,Boconó,916,Vega De Guaramacal
730,Trujillo,281,Bolívar,922,Cheregue
730,Trujillo,281,Bolívar,923,Granados
730,Trujillo,281,Bolívar,921,Sabana Grande
730,Trujillo,282,Candelaria,925,Arnoldo Gabaldon
730,Trujillo,282,Candelaria,926,Bolivia
730,Trujillo,282,Candelaria,927,Carrillo
730,Trujillo,282,Candelaria,928,Cegarra
730,Trujillo,282,Candelaria,924,Chejende
730,Trujillo,282,Candelaria,929,Manuel Salvador Ulloa
730,Trujillo,282,Candelaria,930,San Jose
730,Trujillo,283,Carache,931,Carache
730,Trujillo,283,Carache,932,Cuicas
730,Trujillo,283,Carache,933,La Concepcion
730,Trujillo,283,Carache,934,Panamericana
730,Trujillo,283,Carache,935,Santa Cruz
730,Trujillo,284,Escuque,936,Escuque
730,Trujillo,284,Escuque,937,La Union
730,Trujillo,284,Escuque,938,Sabana Libre
730,Trujillo,284,Escuque,939,Santa Rita
730,Trujillo,285,José Felipe Márquez Cañizales,941,Antonio Jose De Sucre
730,Trujillo,285,José Felipe Márquez Cañizales,940,El Socorro
730,Trujillo,285,José Felipe Márquez Cañizales,942,Los Caprichos
730,Trujillo,286,Juan Vicente Campo Elías,944,Arnoldo Gabaldon
730,Trujillo,286,Juan Vicente Campo Elías,943,Campo Elias
730,Trujillo,287,La Ceiba,946,El Progreso
730,Trujillo,287,La Ceiba,947,La Ceiba
730,Trujillo,287,La Ceiba,945,Santa Apolonia
730,Trujillo,287,La Ceiba,948,Tres De Febrero
730,Trujillo,288,Miranda,951,Agua Caliente
730,Trujillo,288,Miranda,950,Agua Santa
730,Trujillo,288,Miranda,952,El Cenizo
730,Trujillo,288,Miranda,949,El Dividive
730,Trujillo,288,Miranda,953,Valerita
730,Trujillo,289,Monte Carmelo,955,Buena Vista
730,Trujillo,289,Monte Carmelo,954,Monte Carmelo
730,Trujillo,289,Monte Carmelo,956,Santa Maria Del Horcon
730,Trujillo,290,Motatán,958,El Baño
730,Trujillo,290,Motatán,959,Jalisco
730,Trujillo,290,Motatán,957,Motatan
730,Trujillo,291,Pampán,961,Flor De Patria
730,Trujillo,291,Pampán,962,La Paz
730,Trujillo,291,Pampán,960,Pampan
730,Trujillo,291,Pampán,963,Santa Ana
730,Trujillo,292,Pampanito,965,La Concepcion
730,Trujillo,292,Pampanito,964,Pampanito II
730,Trujillo,293,Rafael Rangel,966,Betijoque
730,Trujillo,293,Rafael Rangel,969,Jose Gregorio Hernandez
730,Trujillo,293,Rafael Rangel,967,La Pueblita
730,Trujillo,293,Rafael Rangel,968,Los Cedros
730,Trujillo,294,San Rafael De Carvajal,971,Antonio Nicolas Briceño
730,Trujillo,294,San Rafael De Carvajal,972,Campo Alegre
730,Trujillo,294,San Rafael De Carvajal,970,Carvajal
730,Trujillo,294,San Rafael De Carvajal,973,Jose Leonardo Suarez
730,Trujillo,295,Sucre,975,El Paraiso
730,Trujillo,295,Sucre,976,Junin
730,Trujillo,295,Sucre,974,Sabana De Mendoza
730,Trujillo,295,Sucre,977,Valmore Rodríguez
730,Trujillo,296,Trujillo,978,Andrés Linares
730,Trujillo,296,Trujillo,979,Chiquinquirá
730,Trujillo,296,Trujillo,980,Cristobal Mendoza
730,Trujillo,296,Trujillo,981,Cruz Carrillo
730,Trujillo,296,Trujillo,982,Matriz
730,Trujillo,296,Trujillo,983,Monseñor Carrillo
730,Trujillo,296,Trujillo,984,Tres Esquinas
730,Trujillo,297,Urdaneta,986,Cabimbu
730,Trujillo,297,Urdaneta,987,Jajo
730,Trujillo,297,Urdaneta,988,La Mesa
730,Trujillo,297,Urdaneta,985,La Quebrada
730,Trujillo,297,Urdaneta,989,Santiago
730,Trujillo,297,Urdaneta,990,Tuñame
730,Trujillo,298,Valera,991,Juan Ignacio Montilla
730,Trujillo,298,Valera,992,La Beatriz
730,Trujillo,298,Valera,995,La Puerta
730,Trujillo,298,Valera,996,Mendoza del Valle
730,Trujillo,298,Valera,993,Mercedes Diaz
730,Trujillo,298,Valera,994,San Luis
731,La Guaira,299,Vargas,998,Caraballeda
731,La Guaira,299,Vargas,999,Carayaca
731,La Guaira,299,Vargas,1007,Carlos Soublette
731,La Guaira,299,Vargas,1000,Caruao
731,La Guaira,299,Vargas,1001,Catia La Mar
731,La Guaira,299,Vargas,1002,El Junko
731,La Guaira,299,Vargas,997,La Guaira
731,La Guaira,299,Vargas,1003,Macuto
731,La Guaira,299,Vargas,1004,Maiquetía
731,La Guaira,299,Vargas,1005,Naiguata
731,La Guaira,299,Vargas,1006,Urimare
732,Yaracuy,300,Arístides Bastidas,1008,Arístides Bastidas
732,Yaracuy,301,Bolívar,1009,Bolívar
732,Yaracuy,302,Bruzual,1011,Campo Elias
732,Yaracuy,302,Bruzual,1010,Chivacoa
732,Yaracuy,303,Cocorote,1012,Cocorote
732,Yaracuy,304,Independencia,1013,Independencia
732,Yaracuy,305,José Antonio Páez,1014,José Antonio Páez
732,Yaracuy,313,José Juaquín Veroes,1028,El Guayabo
732,Yaracuy,313,José Juaquín Veroes,1027,Farriar
732,Yaracuy,306,La Trinidad,1015,La Trinidad
732,Yaracuy,307,Manuel Monge,1016,Manuel Monge
732,Yaracuy,308,Nirgua,1017,Nirgua
732,Yaracuy,308,Nirgua,1018,Salom
732,Yaracuy,308,Nirgua,1019,Temerla
732,Yaracuy,309,Peña,1021,San Andres
732,Yaracuy,309,Peña,1020,Yaritagua
732,Yaracuy,310,San Felipe,1023,Albarico
732,Yaracuy,310,San Felipe,1022,San Felipe
732,Yaracuy,310,San Felipe,1024,San Javier
732,Yaracuy,311,Sucre,1025,Sucre
732,Yaracuy,312,Urachiche,1026,Urachiche
733,Zulia,314,Almirante Padilla,1029,Isla De Toas
733,Zulia,314,Almirante Padilla,1030,Monagas
733,Zulia,315,Baralt,1032,General Urdaneta
733,Zulia,315,Baralt,1033,Libertador
733,Zulia,315,Baralt,1034,Manuel Guanipa Matos
733,Zulia,315,Baralt,1035,Marcelino Briceño
733,Zulia,315,Baralt,1036,Pueblo Nuevo
733,Zulia,315,Baralt,1031,San Timoteo
733,Zulia,316,Cabimas,1037,Ambrosio
733,Zulia,316,Cabimas,1044,Aristides Calvani
733,Zulia,316,Cabimas,1038,Carmen Herrera
733,Zulia,316,Cabimas,1039,German Rios Linares
733,Zulia,316,Cabimas,1041,Jorge Hernandez
733,Zulia,316,Cabimas,1040,La Rosa
733,Zulia,316,Cabimas,1045,Punta Gorda
733,Zulia,316,Cabimas,1042,Romulo Betancourt
733,Zulia,316,Cabimas,1043,San Benito
733,Zulia,317,Catatumbo,1046,Encontrados
733,Zulia,317,Catatumbo,1047,Udon Perez
733,Zulia,318,Colón,1049,Moralito
733,Zulia,318,Colón,1050,Santa Barbara
733,Zulia,318,Colón,1048,Santa Cruz Del Zulia
733,Zulia,318,Colón,1051,Urribarrí
733,Zulia,319,Francisco Javier Pulgar,1054,Carlos Quevedo
733,Zulia,319,Francisco Javier Pulgar,1055,Francisco Javier Pulgar
733,Zulia,319,Francisco Javier Pulgar,1052,Guamo-Gavilanes
733,Zulia,319,Francisco Javier Pulgar,1053,Simon Rodriguez
733,Zulia,320,Jesús Enrique Lossada,1057,Jose Ramon Yepes
733,Zulia,320,Jesús Enrique Lossada,1056,La Concepción
733,Zulia,320,Jesús Enrique Lossada,1058,Mariano Parra León
733,Zulia,320,Jesús Enrique Lossada,1059,San José
733,Zulia,321,Jesús María Semprún,1061,Bari
733,Zulia,321,Jesús María Semprún,1060,Jesus Maria Semprun
733,Zulia,322,La Cañada De Urdaneta,1063,Andres Bello
733,Zulia,322,La Cañada De Urdaneta,1064,Chiquinquira
733,Zulia,322,La Cañada De Urdaneta,1062,Concepcion
733,Zulia,322,La Cañada De Urdaneta,1065,El Carmelo
733,Zulia,322,La Cañada De Urdaneta,1066,Potreritos
733,Zulia,323,Lagunillas,1067,Alonso De Ojeda
733,Zulia,323,Lagunillas,1069,Campo Lara
733,Zulia,323,Lagunillas,1070,Eleazar Lopez Contreras
733,Zulia,323,Lagunillas,1068,Libertad
733,Zulia,323,Lagunillas,1071,Venezuela
733,Zulia,324,Machiques De Perijá,1073,Bartolome De Las Casas
733,Zulia,324,Machiques De Perijá,1072,Libertad
733,Zulia,324,Machiques De Perijá,1074,Rio Negro
733,Zulia,324,Machiques De Perijá,1075,San José De Perijá
733,Zulia,325,Mara,1077,La Sierrita
733,Zulia,325,Mara,1078,Las Parcelas
733,Zulia,325,Mara,1079,Luis De Vicente
733,Zulia,325,Mara,1080,Monseñor Marcos Sergio Godoy
733,Zulia,325,Mara,1081,Ricaurte
733,Zulia,325,Mara,1076,San Rafael
733,Zulia,325,Mara,1082,Tamare
733,Zulia,326,Maracaibo,1083,Antonio Borjas Romero
733,Zulia,326,Maracaibo,1084,Bolivar
733,Zulia,326,Maracaibo,1085,Cacique Mara
733,Zulia,326,Maracaibo,1086,Carracciolo Parra Perez
733,Zulia,326,Maracaibo,1087,Cecilio Acosta
733,Zulia,326,Maracaibo,1090,Chiquinquira
733,Zulia,326,Maracaibo,1089,Coquivacoa
733,Zulia,326,Maracaibo,1088,Cristo De Aranza
733,Zulia,326,Maracaibo,1091,Francisco Eugenio Bustamante
733,Zulia,326,Maracaibo,1092,Idelfonso Vasquez
733,Zulia,326,Maracaibo,1093,Juana De Avila
733,Zulia,326,Maracaibo,1094,Luis Hurtado Higuera
733,Zulia,326,Maracaibo,1095,Manuel Dagnino
733,Zulia,326,Maracaibo,1096,Olegario Villalobos
733,Zulia,326,Maracaibo,1097,Raul Leoni
733,Zulia,326,Maracaibo,1100,San Isidro
733,Zulia,326,Maracaibo,1098,Santa Lucia
733,Zulia,326,Maracaibo,1099,Venancio Pulgar
733,Zulia,327,Miranda,1101,Altagracia
733,Zulia,327,Miranda,1102,Ana Maria Campos
733,Zulia,327,Miranda,1103,Faria
733,Zulia,327,Miranda,1104,San Antonio
733,Zulia,327,Miranda,1105,San Jose
733,Zulia,328,Páez,1107,Alta Guajira
733,Zulia,328,Páez,1108,Elias Sanchez Rubio
733,Zulia,328,Páez,1109,Guajira
733,Zulia,328,Páez,1106,Sinamaica
733,Zulia,329,Rosario De Perijá,1111,Donaldo Garcia
733,Zulia,329,Rosario De Perijá,1110,El Rosario
733,Zulia,329,Rosario De Perijá,1112,Sixto Zambrano
733,Zulia,330,San Francisco,1115,Domitila Flores
733,Zulia,330,San Francisco,1114,El Bajo
733,Zulia,330,San Francisco,1116,Francisco Ochoa
733,Zulia,330,San Francisco,1117,Los Cortijos
733,Zulia,330,San Francisco,1118,Marcial Hernández
733,Zulia,330,San Francisco,1113,San Francisco
733,Zulia,331,Santa Rita,1120,El Mene
733,Zulia,331,Santa Rita,1121,José Cenobio Urribarrí
733,Zulia,331,Santa Rita,1122,Pedro Lucas Urribarri
733,Zulia,331,Santa Rita,1119,Santa Rita
733,Zulia,332,Simón Bolívar,1123,Manuel Manrique
733,Zulia,332,Simón Bolívar,1124,Rafael Maria Baralt
733,Zulia,332,Simón Bolívar,1125,Rafael Urdaneta
733,Zulia,333,Sucre,1126,Bobures
733,Zulia,333,Sucre,1127,El Batey
733,Zulia,333,Sucre,1128,Gibraltar
733,Zulia,333,Sucre,1129,Heras
733,Zulia,333,Sucre,1130,Monseñor Arturo Celestino Álvarez
733,Zulia,333,Sucre,1131,Rómulo Gallegos
733,Zulia,334,Valmore Rodríguez,1132,La Victoria
733,Zulia,334,Valmore Rodríguez,1133,Rafael Urdaneta
733,Zulia,334,Valmore Rodríguez,1134,Raul Cuenca
